PrimerID	P5 Flowcell binding region	Barcode	Primer linker	Pad	515F 16S V4 primer	Full sequence
P5-515F1	AATGATACGGCGACCACCGAGATCTACAC	TCCCTTGTCTCC	TATGGTAATT	GT	GTGCCAGCMGCCGCGGTAA	AATGATACGGCGACCACCGAGATCTACACTCCCTTGTCTCCTATGGTAATTGTGTGCCAGCMGCCGCGGTAA
P5-515F2	AATGATACGGCGACCACCGAGATCTACAC	ACGAGACTGATT	TATGGTAATT	GT	GTGCCAGCMGCCGCGGTAA	AATGATACGGCGACCACCGAGATCTACACACGAGACTGATTTATGGTAATTGTGTGCCAGCMGCCGCGGTAA
P5-515F3	AATGATACGGCGACCACCGAGATCTACAC	GCTGTACGGATT	TATGGTAATT	GT	GTGCCAGCMGCCGCGGTAA	AATGATACGGCGACCACCGAGATCTACACGCTGTACGGATTTATGGTAATTGTGTGCCAGCMGCCGCGGTAA
P5-515F4	AATGATACGGCGACCACCGAGATCTACAC	ATCACCAGGTGT	TATGGTAATT	GT	GTGCCAGCMGCCGCGGTAA	AATGATACGGCGACCACCGAGATCTACACATCACCAGGTGTTATGGTAATTGTGTGCCAGCMGCCGCGGTAA
P5-515F5	AATGATACGGCGACCACCGAGATCTACAC	TGGTCAACGATA	TATGGTAATT	GT	GTGCCAGCMGCCGCGGTAA	AATGATACGGCGACCACCGAGATCTACACTGGTCAACGATATATGGTAATTGTGTGCCAGCMGCCGCGGTAA
P5-515F6	AATGATACGGCGACCACCGAGATCTACAC	ATCGCACAGTAA	TATGGTAATT	GT	GTGCCAGCMGCCGCGGTAA	AATGATACGGCGACCACCGAGATCTACACATCGCACAGTAATATGGTAATTGTGTGCCAGCMGCCGCGGTAA
P5-515F7	AATGATACGGCGACCACCGAGATCTACAC	GTCGTGTAGCCT	TATGGTAATT	GT	GTGCCAGCMGCCGCGGTAA	AATGATACGGCGACCACCGAGATCTACACGTCGTGTAGCCTTATGGTAATTGTGTGCCAGCMGCCGCGGTAA
P5-515F8	AATGATACGGCGACCACCGAGATCTACAC	AGCGGAGGTTAG	TATGGTAATT	GT	GTGCCAGCMGCCGCGGTAA	AATGATACGGCGACCACCGAGATCTACACAGCGGAGGTTAGTATGGTAATTGTGTGCCAGCMGCCGCGGTAA
P5-515F9	AATGATACGGCGACCACCGAGATCTACAC	ATCCTTTGGTTC	TATGGTAATT	GT	GTGCCAGCMGCCGCGGTAA	AATGATACGGCGACCACCGAGATCTACACATCCTTTGGTTCTATGGTAATTGTGTGCCAGCMGCCGCGGTAA
P5-515F10	AATGATACGGCGACCACCGAGATCTACAC	TACAGCGCATAC	TATGGTAATT	GT	GTGCCAGCMGCCGCGGTAA	AATGATACGGCGACCACCGAGATCTACACTACAGCGCATACTATGGTAATTGTGTGCCAGCMGCCGCGGTAA
P5-515F11	AATGATACGGCGACCACCGAGATCTACAC	ACCGGTATGTAC	TATGGTAATT	GT	GTGCCAGCMGCCGCGGTAA	AATGATACGGCGACCACCGAGATCTACACACCGGTATGTACTATGGTAATTGTGTGCCAGCMGCCGCGGTAA
P5-515F12	AATGATACGGCGACCACCGAGATCTACAC	AATTGTGTCGGA	TATGGTAATT	GT	GTGCCAGCMGCCGCGGTAA	AATGATACGGCGACCACCGAGATCTACACAATTGTGTCGGATATGGTAATTGTGTGCCAGCMGCCGCGGTAA
P5-515F13	AATGATACGGCGACCACCGAGATCTACAC	TGCATACACTGG	TATGGTAATT	GT	GTGCCAGCMGCCGCGGTAA	AATGATACGGCGACCACCGAGATCTACACTGCATACACTGGTATGGTAATTGTGTGCCAGCMGCCGCGGTAA
P5-515F14	AATGATACGGCGACCACCGAGATCTACAC	AGTCGAACGAGG	TATGGTAATT	GT	GTGCCAGCMGCCGCGGTAA	AATGATACGGCGACCACCGAGATCTACACAGTCGAACGAGGTATGGTAATTGTGTGCCAGCMGCCGCGGTAA
P5-515F15	AATGATACGGCGACCACCGAGATCTACAC	ACCAGTGACTCA	TATGGTAATT	GT	GTGCCAGCMGCCGCGGTAA	AATGATACGGCGACCACCGAGATCTACACACCAGTGACTCATATGGTAATTGTGTGCCAGCMGCCGCGGTAA
P5-515F16	AATGATACGGCGACCACCGAGATCTACAC	GAATACCAAGTC	TATGGTAATT	GT	GTGCCAGCMGCCGCGGTAA	AATGATACGGCGACCACCGAGATCTACACGAATACCAAGTCTATGGTAATTGTGTGCCAGCMGCCGCGGTAA
P5-515F17	AATGATACGGCGACCACCGAGATCTACAC	GTAGATCGTGTA	TATGGTAATT	GT	GTGCCAGCMGCCGCGGTAA	AATGATACGGCGACCACCGAGATCTACACGTAGATCGTGTATATGGTAATTGTGTGCCAGCMGCCGCGGTAA
P5-515F18	AATGATACGGCGACCACCGAGATCTACAC	TAACGTGTGTGC	TATGGTAATT	GT	GTGCCAGCMGCCGCGGTAA	AATGATACGGCGACCACCGAGATCTACACTAACGTGTGTGCTATGGTAATTGTGTGCCAGCMGCCGCGGTAA
P5-515F19	AATGATACGGCGACCACCGAGATCTACAC	CATTATGGCGTG	TATGGTAATT	GT	GTGCCAGCMGCCGCGGTAA	AATGATACGGCGACCACCGAGATCTACACCATTATGGCGTGTATGGTAATTGTGTGCCAGCMGCCGCGGTAA
P5-515F20	AATGATACGGCGACCACCGAGATCTACAC	CCAATACGCCTG	TATGGTAATT	GT	GTGCCAGCMGCCGCGGTAA	AATGATACGGCGACCACCGAGATCTACACCCAATACGCCTGTATGGTAATTGTGTGCCAGCMGCCGCGGTAA
P5-515F21	AATGATACGGCGACCACCGAGATCTACAC	GATCTGCGATCC	TATGGTAATT	GT	GTGCCAGCMGCCGCGGTAA	AATGATACGGCGACCACCGAGATCTACACGATCTGCGATCCTATGGTAATTGTGTGCCAGCMGCCGCGGTAA
P5-515F22	AATGATACGGCGACCACCGAGATCTACAC	CAGCTCATCAGC	TATGGTAATT	GT	GTGCCAGCMGCCGCGGTAA	AATGATACGGCGACCACCGAGATCTACACCAGCTCATCAGCTATGGTAATTGTGTGCCAGCMGCCGCGGTAA
P5-515F23	AATGATACGGCGACCACCGAGATCTACAC	CAAACAACAGCT	TATGGTAATT	GT	GTGCCAGCMGCCGCGGTAA	AATGATACGGCGACCACCGAGATCTACACCAAACAACAGCTTATGGTAATTGTGTGCCAGCMGCCGCGGTAA
P5-515F24	AATGATACGGCGACCACCGAGATCTACAC	GCAACACCATCC	TATGGTAATT	GT	GTGCCAGCMGCCGCGGTAA	AATGATACGGCGACCACCGAGATCTACACGCAACACCATCCTATGGTAATTGTGTGCCAGCMGCCGCGGTAA
P5-515F25	AATGATACGGCGACCACCGAGATCTACAC	GCGATATATCGC	TATGGTAATT	GT	GTGCCAGCMGCCGCGGTAA	AATGATACGGCGACCACCGAGATCTACACGCGATATATCGCTATGGTAATTGTGTGCCAGCMGCCGCGGTAA
P5-515F26	AATGATACGGCGACCACCGAGATCTACAC	CGAGCAATCCTA	TATGGTAATT	GT	GTGCCAGCMGCCGCGGTAA	AATGATACGGCGACCACCGAGATCTACACCGAGCAATCCTATATGGTAATTGTGTGCCAGCMGCCGCGGTAA
P5-515F27	AATGATACGGCGACCACCGAGATCTACAC	AGTCGTGCACAT	TATGGTAATT	GT	GTGCCAGCMGCCGCGGTAA	AATGATACGGCGACCACCGAGATCTACACAGTCGTGCACATTATGGTAATTGTGTGCCAGCMGCCGCGGTAA
P5-515F28	AATGATACGGCGACCACCGAGATCTACAC	GTATCTGCGCGT	TATGGTAATT	GT	GTGCCAGCMGCCGCGGTAA	AATGATACGGCGACCACCGAGATCTACACGTATCTGCGCGTTATGGTAATTGTGTGCCAGCMGCCGCGGTAA
P5-515F29	AATGATACGGCGACCACCGAGATCTACAC	CGAGGGAAAGTC	TATGGTAATT	GT	GTGCCAGCMGCCGCGGTAA	AATGATACGGCGACCACCGAGATCTACACCGAGGGAAAGTCTATGGTAATTGTGTGCCAGCMGCCGCGGTAA
P5-515F30	AATGATACGGCGACCACCGAGATCTACAC	CAAATTCGGGAT	TATGGTAATT	GT	GTGCCAGCMGCCGCGGTAA	AATGATACGGCGACCACCGAGATCTACACCAAATTCGGGATTATGGTAATTGTGTGCCAGCMGCCGCGGTAA
