PrimerID	P7 Flowcell binding region	Barcode	Primer linker	Pad	806R 16S V4 primer	Full sequence
P7-806R1	CAAGCAGAAGACGGCATACGAGAT	AGATTGACCAAC	AGTCAGTCAG	CC	GGACTACHVGGGTWTCTAAT	CAAGCAGAAGACGGCATACGAGATAGATTGACCAACAGTCAGTCAGCCGGACTACHVGGGTWTCTAAT
P7-806R2	CAAGCAGAAGACGGCATACGAGAT	AGTTACGAGCTA	AGTCAGTCAG	CC	GGACTACHVGGGTWTCTAAT	CAAGCAGAAGACGGCATACGAGATAGTTACGAGCTAAGTCAGTCAGCCGGACTACHVGGGTWTCTAAT
P7-806R3	CAAGCAGAAGACGGCATACGAGAT	GCATATGCACTG	AGTCAGTCAG	CC	GGACTACHVGGGTWTCTAAT	CAAGCAGAAGACGGCATACGAGATGCATATGCACTGAGTCAGTCAGCCGGACTACHVGGGTWTCTAAT
P7-806R4	CAAGCAGAAGACGGCATACGAGAT	CAACTCCCGTGA	AGTCAGTCAG	CC	GGACTACHVGGGTWTCTAAT	CAAGCAGAAGACGGCATACGAGATCAACTCCCGTGAAGTCAGTCAGCCGGACTACHVGGGTWTCTAAT
P7-806R5	CAAGCAGAAGACGGCATACGAGAT	TTGCGTTAGCAG	AGTCAGTCAG	CC	GGACTACHVGGGTWTCTAAT	CAAGCAGAAGACGGCATACGAGATTTGCGTTAGCAGAGTCAGTCAGCCGGACTACHVGGGTWTCTAAT
P7-806R6	CAAGCAGAAGACGGCATACGAGAT	TACGAGCCCTAA	AGTCAGTCAG	CC	GGACTACHVGGGTWTCTAAT	CAAGCAGAAGACGGCATACGAGATTACGAGCCCTAAAGTCAGTCAGCCGGACTACHVGGGTWTCTAAT
P7-806R7	CAAGCAGAAGACGGCATACGAGAT	CACTACGCTAGA	AGTCAGTCAG	CC	GGACTACHVGGGTWTCTAAT	CAAGCAGAAGACGGCATACGAGATCACTACGCTAGAAGTCAGTCAGCCGGACTACHVGGGTWTCTAAT
P7-806R8	CAAGCAGAAGACGGCATACGAGAT	TGCAGTCCTCGA	AGTCAGTCAG	CC	GGACTACHVGGGTWTCTAAT	CAAGCAGAAGACGGCATACGAGATTGCAGTCCTCGAAGTCAGTCAGCCGGACTACHVGGGTWTCTAAT
P7-806R9	CAAGCAGAAGACGGCATACGAGAT	ACCATAGCTCCG	AGTCAGTCAG	CC	GGACTACHVGGGTWTCTAAT	CAAGCAGAAGACGGCATACGAGATACCATAGCTCCGAGTCAGTCAGCCGGACTACHVGGGTWTCTAAT
P7-806R10	CAAGCAGAAGACGGCATACGAGAT	TCGACATCTCTT	AGTCAGTCAG	CC	GGACTACHVGGGTWTCTAAT	CAAGCAGAAGACGGCATACGAGATTCGACATCTCTTAGTCAGTCAGCCGGACTACHVGGGTWTCTAAT
P7-806R11	CAAGCAGAAGACGGCATACGAGAT	GAACACTTTGGA	AGTCAGTCAG	CC	GGACTACHVGGGTWTCTAAT	CAAGCAGAAGACGGCATACGAGATGAACACTTTGGAAGTCAGTCAGCCGGACTACHVGGGTWTCTAAT
P7-806R12	CAAGCAGAAGACGGCATACGAGAT	GAGCCATCTGTA	AGTCAGTCAG	CC	GGACTACHVGGGTWTCTAAT	CAAGCAGAAGACGGCATACGAGATGAGCCATCTGTAAGTCAGTCAGCCGGACTACHVGGGTWTCTAAT
P7-806R13	CAAGCAGAAGACGGCATACGAGAT	TTGGGTACACGT	AGTCAGTCAG	CC	GGACTACHVGGGTWTCTAAT	CAAGCAGAAGACGGCATACGAGATTTGGGTACACGTAGTCAGTCAGCCGGACTACHVGGGTWTCTAAT
P7-806R14	CAAGCAGAAGACGGCATACGAGAT	AAGGCGCTCCTT	AGTCAGTCAG	CC	GGACTACHVGGGTWTCTAAT	CAAGCAGAAGACGGCATACGAGATAAGGCGCTCCTTAGTCAGTCAGCCGGACTACHVGGGTWTCTAAT
P7-806R15	CAAGCAGAAGACGGCATACGAGAT	TAATACGGATCG	AGTCAGTCAG	CC	GGACTACHVGGGTWTCTAAT	CAAGCAGAAGACGGCATACGAGATTAATACGGATCGAGTCAGTCAGCCGGACTACHVGGGTWTCTAAT
P7-806R16	CAAGCAGAAGACGGCATACGAGAT	TCGGAATTAGAC	AGTCAGTCAG	CC	GGACTACHVGGGTWTCTAAT	CAAGCAGAAGACGGCATACGAGATTCGGAATTAGACAGTCAGTCAGCCGGACTACHVGGGTWTCTAAT
P7-806R17	CAAGCAGAAGACGGCATACGAGAT	TGTGAATTCGGA	AGTCAGTCAG	CC	GGACTACHVGGGTWTCTAAT	CAAGCAGAAGACGGCATACGAGATTGTGAATTCGGAAGTCAGTCAGCCGGACTACHVGGGTWTCTAAT
P7-806R18	CAAGCAGAAGACGGCATACGAGAT	CATTCGTGGCGT	AGTCAGTCAG	CC	GGACTACHVGGGTWTCTAAT	CAAGCAGAAGACGGCATACGAGATCATTCGTGGCGTAGTCAGTCAGCCGGACTACHVGGGTWTCTAAT
P7-806R19	CAAGCAGAAGACGGCATACGAGAT	TACTACGTGGCC	AGTCAGTCAG	CC	GGACTACHVGGGTWTCTAAT	CAAGCAGAAGACGGCATACGAGATTACTACGTGGCCAGTCAGTCAGCCGGACTACHVGGGTWTCTAAT
P7-806R20	CAAGCAGAAGACGGCATACGAGAT	GGCCAGTTCCTA	AGTCAGTCAG	CC	GGACTACHVGGGTWTCTAAT	CAAGCAGAAGACGGCATACGAGATGGCCAGTTCCTAAGTCAGTCAGCCGGACTACHVGGGTWTCTAAT
P7-806R21	CAAGCAGAAGACGGCATACGAGAT	GATGTTCGCTAG	AGTCAGTCAG	CC	GGACTACHVGGGTWTCTAAT	CAAGCAGAAGACGGCATACGAGATGATGTTCGCTAGAGTCAGTCAGCCGGACTACHVGGGTWTCTAAT
P7-806R22	CAAGCAGAAGACGGCATACGAGAT	CTATCTCCTGTC	AGTCAGTCAG	CC	GGACTACHVGGGTWTCTAAT	CAAGCAGAAGACGGCATACGAGATCTATCTCCTGTCAGTCAGTCAGCCGGACTACHVGGGTWTCTAAT
P7-806R23	CAAGCAGAAGACGGCATACGAGAT	ACTCACAGGAAT	AGTCAGTCAG	CC	GGACTACHVGGGTWTCTAAT	CAAGCAGAAGACGGCATACGAGATACTCACAGGAATAGTCAGTCAGCCGGACTACHVGGGTWTCTAAT
P7-806R24	CAAGCAGAAGACGGCATACGAGAT	ATGATGAGCCTC	AGTCAGTCAG	CC	GGACTACHVGGGTWTCTAAT	CAAGCAGAAGACGGCATACGAGATATGATGAGCCTCAGTCAGTCAGCCGGACTACHVGGGTWTCTAAT
P7-806R25	CAAGCAGAAGACGGCATACGAGAT	GTCGACAGAGGA	AGTCAGTCAG	CC	GGACTACHVGGGTWTCTAAT	CAAGCAGAAGACGGCATACGAGATGTCGACAGAGGAAGTCAGTCAGCCGGACTACHVGGGTWTCTAAT
P7-806R26	CAAGCAGAAGACGGCATACGAGAT	TGTCGCAAATAG	AGTCAGTCAG	CC	GGACTACHVGGGTWTCTAAT	CAAGCAGAAGACGGCATACGAGATTGTCGCAAATAGAGTCAGTCAGCCGGACTACHVGGGTWTCTAAT
P7-806R27	CAAGCAGAAGACGGCATACGAGAT	CATCCCTCTACT	AGTCAGTCAG	CC	GGACTACHVGGGTWTCTAAT	CAAGCAGAAGACGGCATACGAGATCATCCCTCTACTAGTCAGTCAGCCGGACTACHVGGGTWTCTAAT
P7-806R28	CAAGCAGAAGACGGCATACGAGAT	TATACCGCTGCG	AGTCAGTCAG	CC	GGACTACHVGGGTWTCTAAT	CAAGCAGAAGACGGCATACGAGATTATACCGCTGCGAGTCAGTCAGCCGGACTACHVGGGTWTCTAAT
P7-806R29	CAAGCAGAAGACGGCATACGAGAT	AGTTGAGGCATT	AGTCAGTCAG	CC	GGACTACHVGGGTWTCTAAT	CAAGCAGAAGACGGCATACGAGATAGTTGAGGCATTAGTCAGTCAGCCGGACTACHVGGGTWTCTAAT
P7-806R30	CAAGCAGAAGACGGCATACGAGAT	ACAATAGACACC	AGTCAGTCAG	CC	GGACTACHVGGGTWTCTAAT	CAAGCAGAAGACGGCATACGAGATACAATAGACACCAGTCAGTCAGCCGGACTACHVGGGTWTCTAAT
