"0","library(tidyverse)"
"2","[37mâ”€â”€ [1mAttaching packages[22m â”€â”€â”€â”€â”€â”€â”€â”€â”€â”€â”€â”€â”€â”€â”€â”€â”€â”€â”€â”€â”€â”€â”€â”€â”€â”€â”€â”€â”€â”€â”€â”€â”€â”€â”€â”€â”€â”€â”€â”€â”€â”€â”€â”€â”€â”€â”€â”€â”€â”€â”€â”€â”€â”€â”€â”€â”€â”€â”€â”€â”€â”€â”€â”€â”€ tidyverse 1.2.1 â”€â”€[39m
"
"2","[37m[32mâœ”[37m [34mggplot2[37m 2.2.1     [32mâœ”[37m [34mpurrr  [37m 0.2.4
[32mâœ”[37m [34mtibble [37m 1.3.4     [32mâœ”[37m [34mdplyr  [37m 0.7.4
[32mâœ”[37m [34mtidyr  [37m 0.7.2     [32mâœ”[37m [34mstringr[37m 1.2.0
[32mâœ”[37m [34mreadr  [37m 1.1.1     [32mâœ”[37m [34mforcats[37m 0.2.0[39m
"
"2","[37mâ”€â”€ [1mConflicts[22m â”€â”€â”€â”€â”€â”€â”€â”€â”€â”€â”€â”€â”€â”€â”€â”€â”€â”€â”€â”€â”€â”€â”€â”€â”€â”€â”€â”€â”€â”€â”€â”€â”€â”€â”€â”€â”€â”€â”€â”€â”€â”€â”€â”€â”€â”€â”€â”€â”€â”€â”€â”€â”€â”€â”€â”€â”€â”€â”€â”€â”€â”€â”€â”€â”€â”€â”€â”€ tidyverse_conflicts() â”€â”€
[31mâœ–[37m [34mdplyr[37m::[32mfilter()[37m masks [34mstats[37m::filter()
[31mâœ–[37m [34mdplyr[37m::[32mlag()[37m    masks [34mstats[37m::lag()[39m
"
"0","library(tidyMB)"
"0","library(vegan)"
"2","package â€˜veganâ€™ was built under R version 3.4.3"
"2","Loading required package: permute
"
"2","Loading required package: lattice
"
"2","This is vegan 2.4-6
"
"0","library(reshape2)"
"2","
Attaching package: â€˜reshape2â€™

"
"2","The following object is masked from â€˜package:tidyrâ€™:

    smiths

"
